Brand,Price,Rating,Image,Link
AIRFORCE 1 HARD LEATHER UNISEX SNEAKER,2500,(19),,https://www.kilimall.co.ke//listing/1000325966-airforce-1-hard-leather-unisex-sneaker?skuId=10001130315
Original Air Force 1 '07 Low With FREE SOCKS - Triple Black Airforce 1 high quality sneakers,2500,(110),,https://www.kilimall.co.ke//listing/2656925-original-air-force-1-07-low-with-free-socks-triple-black-airforce-1-high-quality-sneakers?skuId=19768455
"NEW ARRIVAL PANDA SB DUNKS BLACK WHITE / JORDAN 1 LOW CUT, HIGH-QUALITY FASHIONABLE SNEAKERS (BEST SHOP FOR AIRFORCE 1, AIR FORCE, JORDAN, AIR MAX, AIRMAX)",2599,(4),,https://www.kilimall.co.ke//listing/1000316915-new-arrival-panda-sb-dunks-black-white-jordan-1-low-cut-highquality-fashionable-sneakers-best-shop-for-airforce-1-air-force-jordan-air-max-airmax?skuId=10001097104
Kids Airforce Poisonous Hightop sneaker fashion,2450,(4),,https://www.kilimall.co.ke//listing/3021603-kids-airforce-poisonous-hightop-sneaker-fashion?skuId=19868317
high quality outdoor airforce 1 breathable sneaker shoes as pictured,2499,(2),,https://www.kilimall.co.ke//listing/1000293636-high-quality-outdoor-airforce-1-breathable-sneaker-shoes-as-pictured?skuId=10001007470
"Classic AF1 Suede Airforce  Womens and Mens  Shoes Comfortable Lace Up Sneakers Fashionable Ladies  and Gentlemens Shoes Low Dunk Sneakers Girls and Boys Sports Shoes


Sizes 37-42",2399,(0),,https://www.kilimall.co.ke//listing/1000341922-classic-af1-suede-airforce-womens-and-mens-shoes-comfortable-lace-up-sneakers-fashionable-ladies-and-gentlemens-shoes-low-dunk-sneakers-girls-and-boys-sports-shoessizes-3742?skuId=10001188200
"ORIGINAL AIR JORDAN 4 RETRO WHITE BLACK DIY (BEST SHOP FOR AIRFORCE, AIR FORCE, AIR JORDAN, AIR MAX, AIRMAX AND ALL OTHER FASHIONABLE/HIGH QUALITY SNEAKERS)",3999,(0),,https://www.kilimall.co.ke//listing/1000322048-original-air-jordan-4-retro-white-black-diy-best-shop-for-airforce-air-force-air-jordan-air-max-airmax-and-all-other-fashionablehigh-quality-sneakers?skuId=10001112647
"NEW ARRIVAL, AIR FORCE 1 LOW TOP WHITE AIRFORCE 1HIGH QUALITY SNEAKERS, AIRFORCE 1",2499,(17),,https://www.kilimall.co.ke//listing/2650458-new-arrival-air-force-1-low-top-white-airforce-1high-quality-sneakers-airforce-1?skuId=10001075025
New arrivalâš¡ high Cut  Airforce 1 boot breathable Unisex ðŸ”¥ðŸ”¥ sneaker shoes,2499,(29),,https://www.kilimall.co.ke//listing/1000247707-new-arrival-high-cut-airforce-1-boot-breathable-unisex-sneaker-shoes?skuId=10000735346
"Classic AF1 Shadow  Airforce Unisex  Mens and Womens Shoes Comfortable Lace Up Sneakers Fashionable Gentlemen Shoes Low Dunk Sneakers
Sizes (37-42)",2499,(0),,https://www.kilimall.co.ke//listing/1000321833-classic-af1-shadow-airforce-unisex-mens-and-womens-shoes-comfortable-lace-up-sneakers-fashionable-gentlemen-shoes-low-dunk-sneakerssizes-3742?skuId=10001111987
AIRFORCE 1 HARD LEATHER UNISEX SNEAKER,2299,(2),,https://www.kilimall.co.ke//listing/1000363159-airforce-1-hard-leather-unisex-sneaker?skuId=10001311344
"ORIGINAL AIR JORDAN SLIDES, VERY CLASSY AND COMFORTABLE AIR SLIP ONS, SLIPPERS, SLIDES, OPEN SHOES (BEST SHOP FOR AIRFORCE 1, AIR FORCE, AIR JORDAN, AIR MAX, AIRMAX)",1399,(0),,https://www.kilimall.co.ke//listing/1000375504-original-air-jordan-slides-very-classy-and-comfortable-air-slip-ons-slippers-slides-open-shoes-best-shop-for-airforce-1-air-force-air-jordan-air-max-airmax?skuId=10001393152
High Quality Airforce one Shadow ladies sneakers,2490,(8),,https://www.kilimall.co.ke//listing/1000243335-high-quality-airforce-one-shadow-ladies-sneakers?skuId=10000712200
Nike Air Force Comfortable High Top Cut Unisex Breathable Airforce Men Women Sports Sneakers Shoes,2499,(34),,https://www.kilimall.co.ke//listing/3000672-nike-air-force-comfortable-high-top-cut-unisex-breathable-airforce-men-women-sports-sneakers-shoes?skuId=19816481
Fashionable High Cut Air Force Unisex Breathable Men Women Sports Comfortable Sneakers Lace Up Closed Shoes Dress Leisure Boy Girl Shoes Fashion Airforce,2399,(12),,https://www.kilimall.co.ke//listing/1000153989-fashionable-high-cut-air-force-unisex-breathable-men-women-sports-comfortable-sneakers-lace-up-closed-shoes-dress-leisure-boy-girl-shoes-fashion-airforce?skuId=10000379292
High Quality kids Unsex Airforce 1 Shadow unisex sneakers shoes for babies,2499,(0),,https://www.kilimall.co.ke//listing/1000377534-high-quality-kids-unsex-airforce-1-shadow-unisex-sneakers-shoes-for-babies?skuId=10001407462
"ORIGINAL AIR JORDAN 4 RETRO, OFF WHITE 'SAIL' (BEST SHOP FOR AIRFORCE, AIR FORCE, AIR JORDAN, AIR MAX, AIRMAX)",3999,(0),,https://www.kilimall.co.ke//listing/1000321020-original-air-jordan-4-retro-off-white-sail-best-shop-for-airforce-air-force-air-jordan-air-max-airmax?skuId=10001109975
AIRFORCE 1 HARD LEATHER UNISEX SNEAKER,2500,(5),,https://www.kilimall.co.ke//listing/1000333458-airforce-1-hard-leather-unisex-sneaker?skuId=10001155929
High Quality Airforce one Shadow ladies sneakers,2499,(0),,https://www.kilimall.co.ke//listing/1000320121-high-quality-airforce-one-shadow-ladies-sneakers?skuId=10001106544
Original Airforce 1 suede multicolor sneaker shoes,2500,(0),,https://www.kilimall.co.ke//listing/1000393254-original-airforce-1-suede-multicolor-sneaker-shoes?skuId=10001490233
Original  ðŸ”¥ðŸ”¥ Utility Low Black Breathable Airforce Men Women Fashion Sneakers,2500,(17),,https://www.kilimall.co.ke//listing/2818375-original-utility-low-black-breathable-airforce-men-women-fashion-sneakers?skuId=19333738
High Quality AirForce 1 Unisex Fashion Sneakers,2299,(11),,https://www.kilimall.co.ke//listing/1000075431-high-quality-airforce-1-unisex-fashion-sneakers?skuId=10000149626
durable black airforce shoes breathable sneaker,2399,(1),,https://www.kilimall.co.ke//listing/2992218-durable-black-airforce-shoes-breathable-sneaker?skuId=19787038
"ORIGINAL AIR JORDAN 4 RETRO FIRE RED (BEST SHOP FOR AIRFORCE, AIR FORCE, AIR JORDAN, AIR MAX, AIRMAX AND ALL OTHER FASHIONABLE/HIGH QUALITY SNEAKERS)",3999,(0),,https://www.kilimall.co.ke//listing/1000322074-original-air-jordan-4-retro-fire-red-best-shop-for-airforce-air-force-air-jordan-air-max-airmax-and-all-other-fashionablehigh-quality-sneakers?skuId=10001112803
New arrivalâš¡ high Cut  Airforce 1 boot breathable Unisex ðŸ”¥ðŸ”¥ sneaker shoes,2500,(5),,https://www.kilimall.co.ke//listing/1000247711-new-arrival-high-cut-airforce-1-boot-breathable-unisex-sneaker-shoes?skuId=10000735377
"Airforce 1 KIDS CHUNKY LACES Boys and Girls Shoes Comfortable Babies Sneakers Sport Shoes

SIZES (25-35)",1999,(0),,https://www.kilimall.co.ke//listing/1000395130-airforce-1-kids-chunky-laces-boys-and-girls-shoes-comfortable-babies-sneakers-sport-shoessizes-2535?skuId=10001498325
"Classic AF1 Airforce  Womens and Mens  Shoes Comfortable Lace Up Sneakers Fashionable Ladies  and Gentlemens Shoes Low Dunk Sneakers Girls and Boys Sports Shoes


Sizes 37-42",2399,(0),,https://www.kilimall.co.ke//listing/1000342521-classic-af1-airforce-womens-and-mens-shoes-comfortable-lace-up-sneakers-fashionable-ladies-and-gentlemens-shoes-low-dunk-sneakers-girls-and-boys-sports-shoessizes-3742?skuId=10001191138
High Quality Airforce one Shadow ladies sneakers,2499,(3),,https://www.kilimall.co.ke//listing/1000243308-high-quality-airforce-one-shadow-ladies-sneakers?skuId=10000712033
original airforce 1 shoes white,2490,(65),,https://www.kilimall.co.ke//listing/2570562-original-airforce-1-shoes-white?skuId=18503836
"NEW ARRIVAL AIR FORCE 1 DIOR BLACK,HIGH QUALITY SNEAKERS, FASHIONABLE SNEAKERS, AIRFORCE 1.",3399,(0),,https://www.kilimall.co.ke//listing/2725369-new-arrival-air-force-1-dior-blackhigh-quality-sneakers-fashionable-sneakers-airforce-1?skuId=19224250
Nike Air Jordan High Top Cut Unisex Breathable Airforce Men Women Sports Sneakers Shoes,2499,(27),,https://www.kilimall.co.ke//listing/2818346-nike-air-jordan-high-top-cut-unisex-breathable-airforce-men-women-sports-sneakers-shoes?skuId=19333512
"ORIGINAL AIR JORDAN 4 RETRO, MILITARY BLACK AND WHITE (BEST SHOP FOR AIRFORCE, AIR FORCE, AIR JORDAN, AIR MAX, AIRMAX)",3999,(4),,https://www.kilimall.co.ke//listing/1000320876-original-air-jordan-4-retro-military-black-and-white-best-shop-for-airforce-air-force-air-jordan-air-max-airmax?skuId=10001109596
Trending Airforce 1 Black suede sneaker shoe,2500,(0),,https://www.kilimall.co.ke//listing/1000393240-trending-airforce-1-black-suede-sneaker-shoe?skuId=10001490179
"Classic AF1 Suede Airforce  Womens and Mens  Shoes Comfortable Lace Up Sneakers Fashionable Ladies  and Gentlemens Shoes Low Dunk Sneakers Girls and Boys Sports Shoes


Sizes 37-42",2399,(0),,https://www.kilimall.co.ke//listing/1000343311-classic-af1-suede-airforce-womens-and-mens-shoes-comfortable-lace-up-sneakers-fashionable-ladies-and-gentlemens-shoes-low-dunk-sneakers-girls-and-boys-sports-shoessizes-3742?skuId=10001194567
"ORIGINAL AIR FORCE 1 WHITE AND BLACK, HIGH QUALITY SNEAKERS. AIRFORCE 1 WHITE BLACK",3500,(45),,https://www.kilimall.co.ke//listing/2752964-original-air-force-1-white-and-black-high-quality-sneakers-airforce-1-white-black?skuId=10000473168
High Quality Cute ðŸ¥°ðŸ¥¹ Airforce 1 Chunky Laces Shadow valentines multicolour sneakers ðŸ”¥ rubbers ðŸ”¥ sneakers for women fashion shoes,2499,(1),,https://www.kilimall.co.ke//listing/1000378724-high-quality-cute-airforce-1-chunky-laces-shadow-valentines-multicolour-sneakers-rubbers-sneakers-for-women-fashion-shoes?skuId=10001416700
