n,a,m,e
p,r,i,c,e
d,i,s,c,o,u,n,t
r,a,t,i,n,g,s
s,t,o,c,k
N,o,t, ,F,o,u,n,d
K,S,h, ,2,",",3,0,0,K,S,h,2,",",5,0,0
N,o,t, ,f,o,u,n,d
0, ,C,u,s,t,o,m,e,r, ,r,e,v,i,e,w,s
n,o,_,s,t,o,c,k
n,a,m,e
p,r,i,c,e
d,i,s,c,o,u,n,t
r,a,t,i,n,g,s
s,t,o,c,k
N,o,t, ,F,o,u,n,d
K,S,h, ,2,",",3,0,0,K,S,h,2,",",5,0,0
N,o,t, ,f,o,u,n,d
0, ,C,u,s,t,o,m,e,r, ,r,e,v,i,e,w,s
n,o,_,s,t,o,c,k
n,a,m,e
p,r,i,c,e
d,i,s,c,o,u,n,t
r,a,t,i,n,g,s
s,t,o,c,k
N,o,t, ,F,o,u,n,d
K,S,h, ,2,",",3,0,0,K,S,h,2,",",5,0,0
N,o,t, ,f,o,u,n,d
0, ,C,u,s,t,o,m,e,r, ,r,e,v,i,e,w,s
n,o,_,s,t,o,c,k
n,a,m,e
p,r,i,c,e
d,i,s,c,o,u,n,t
r,a,t,i,n,g,s
s,t,o,c,k
N,o,t, ,F,o,u,n,d
K,S,h, ,2,",",3,0,0,K,S,h,2,",",5,0,0
N,o,t, ,f,o,u,n,d
0, ,C,u,s,t,o,m,e,r, ,r,e,v,i,e,w,s
n,o,_,s,t,o,c,k
n,a,m,e
p,r,i,c,e
d,i,s,c,o,u,n,t
r,a,t,i,n,g,s
s,t,o,c,k
N,o,t, ,F,o,u,n,d
K,S,h, ,2,",",3,0,0,K,S,h,2,",",5,0,0
N,o,t, ,f,o,u,n,d
0, ,C,u,s,t,o,m,e,r, ,r,e,v,i,e,w,s
n,o,_,s,t,o,c,k
