Brand,Price,Rating
Refurbished Student Discount Tablet Wi-Fi 32GB Android Tablet (No SIM Card Support),5999,(3)
New tablet HD 10.1 inch android pad 6000mAh 3+32G with 1 Sim 4G app Support google,6799,(16)
Smart 2030 Kids/chidden Learning Tablet,6300,(0)
"New Arrival Classy 7 inches Smart Kids Learning Tablets Connects to wifi,1024*600 Display, android 12, 6GB +128GB, battery 5000mAh",6999,(25)
"New Arrival Classy 7 inches Smart Kids Learning Tablets Connects to wifi,1024*600 Display, android 12, 6GB +128GB, battery 5000mAh",5499,(5)
Smart2030 4G KIDS STUDY TABLETS Dual Sim Card Slot 3000mAH,7500,(0)
"Oteeto TAB 10 Pro Tablet 8000mAh 8GB RAM + 512GB ROM Single SIM 5G Network//5G Wifi//8MP Front + 13MP Rear Camera/Quad Core 2.0GHz Processor/Android 13/Includes Keyboard,Mouse,Touch Pen,OTG,Flip Cover",14999,(0)
"Kids Tablet 7"" 6GB +128GBAndroid PC Dual Cameras Children's Leaning Machine Game Student Tablet WiFi",6399,(7)
"Bebe Kids learning Tablet Andriod 10 - 4GB 64GB - WiFi, 7 Inch Dual Camera",6500,(0)
"S-Color S800 Kids Tablet 6GB128GB 5,000 mAh",8640,(1)
"Modio M25 Kids Tablet PC, 10.1 Inches, 6GB RAM 256GB ROM, Sim Card, WIFI, 6000mAh Android +Free Gifts",12999,(0)
Modio KIDS STUDY TABLETS 256GB/6GB 4000MAH 5G SIMCARD SLOT - Green,7999,(1)
"Modio M28 STUDENTS/ADULTS 512GB/6GB 6000MAH 5G SIMCARD SLOT TABLET BT KEYBOARD,MOUSE,TOUCH PEN",15000,(0)
Modio KIDS/STUDENTS TABLET 256GB/6GB 4000MAH 5G SIM CARD SLOT,8300,(3)
s color Gt80 ultra tablet pc,15300,(1)
Modio 5G Tablet - Kids Android Tablets PC M730.,7999,(0)
S Color 16GB RAM + 512GB ROM 10.1inch FHD IPS 5000mAh Smart Tablet SIM 5G/DUAL-SIM/WIFI/BT 13.0MP + 30.0MP 9V/2A Battery 6000mAh,15999,(22)
"Classy 7 inches Smart Kids Learning Tablets Connects to wifi,1024*600 Display, android 12, 6GB +128GB, battery 5000mAh",5289,(7)
Modio KIDS STUDY TABLETS 6GB/256GB- SIMCARD SLOT,8200,(0)
Modio KIDS STUDY TABLET 256GB/6GB 4000mah 5G SIMCARD SLOT NEW DESIGN WITH TOUCH PEN,8299,(1)
s color Gt20 ultra smart tablet pc 10.1,14450,(1)
Modio KIDS STUDY TABLET 256GB/6GB 4000mah 5G SIMCARD SLOT NEW DESIGN WITH TOUCH PEN,8299,(4)
"Modio KIDS STUDY TABLET- 7"" - SIMCARD - 256GB - 6GB RAM- 6000MAH",8300,(0)
Modio 5G Tablet - Kids Android Tablets PC M730.,7999,(0)
"Bebe Kids Educational Tablet 7"" 64GB - 4GB RAM -Wifi-3000mAh",6500,(0)
"S 700 KIDS TABLETS WITH FREE GIFTS INSIDE, BEAUTIFUL COLORS. KEEP YOUR LITTLE ONE OCCUPIED WITH THIS TABLET DURING THIS LONG HOLIDAY SEASON",5749,(0)
Bebe KIDS/STUDENTS STUDY TABLET 256GB/6GB 6OOOMAH 5G SIMCARD SLOT,12499,(2)
"Samsung Galaxy Tab A9 RAM:4 GB RAM /64GB ROM Chipset: Mediatek Helio G99(6nm) Display:8.7inch TFT LCD Resolution: 800 x 1340 pixels Main Camera: 8 MP Selfie Camera:2MP Battery:5,100 mAh Tablet Android",17990,(0)
"Kids Tablet 7"" 3+64GB Android PC Dual Cameras Children's Leaning Machine Game Student Tablet WiFi FREE GIFT LCD Panel Colour Writting Tablet",5899,(0)
"Classy 7 inches Smart Kids Learning Tablets Connects to wifi,1024*600 Display, android 12, 6GB +128GB, battery 5000mAh",5599,(0)
Oteeto Tablet K7 KIDS STUDY TABLETS 8GB/256GB- SIMCARD SLOT,8500,(0)
Smart  2030 Kids Tablet WIFI -4GB RAM 64GB,6500,(15)
Bebe B78 Andriod Kids Tablet - 7'' - 4GB RAM - 64GB ROM - WiFi - 3000mAh,6500,(2)
"S Color kids tablet with sim card slot,wifi with 6GB Ram, 128GB Rom",6839,(0)
"Modio M28 STUDENTS/ADULTS 512GB/6GB 6000MAH 5G SIMCARD SLOT TABLET BT KEYBOARD,MOUSE,TOUCH PEN",14999,(0)
Bebe B78 Andriod Kids Tablet - 7'' - 4GB RAM - 128GB ROM - WiFi - 3000mAh - Orange,6500,(0)
